plot_cn,SPCD,species_name,scientific_name,tree_count,avg_dia,max_dia,avg_ht,total_carbon,trees_5plus_inches,state
1207,15,white fir,Abies concolor,10,17.080000000000002,24.4,86.2,8853.093572,10,OR
1207,122,ponderosa pine,Pinus ponderosa,2,23.35,23.7,109.0,4230.550908,2,OR
1207,202,Douglas-fir,Pseudotsuga menziesii,19,14.442105263157893,27.3,81.0,18395.955306,16,OR
1248,122,ponderosa pine,Pinus ponderosa,4,29.825,30.6,84.0,10903.999211,4,OR
1248,815,Oregon white oak,Quercus garryana,1,6.5,6.5,27.0,96.016397,1,OR
1248,818,California black oak,Quercus kelloggii,1,6.5,6.5,26.0,80.453344,1,OR
12898555010497,11,Pacific silver fir,Abies amabilis,4,24.25,40.1,91.25,11084.962522,4,OR
12898555010497,22,noble fir,Abies procera,10,38.2,47.1,162.3,80899.293344,10,OR
12898555010497,93,Engelmann spruce,Picea engelmannii,2,30.7,31.4,102.5,5067.245942,2,OR
12898555010497,263,western hemlock,Tsuga heterophylla,2,31.099999999999998,34.3,126.0,8121.340103,2,OR
1303,64,western juniper,Juniperus occidentalis,6,20.533333333333335,29.8,48.5,48.222992,6,OR
1303,122,ponderosa pine,Pinus ponderosa,1,2.3,2.3,10.0,2.538341,0,OR
1303,202,Douglas-fir,Pseudotsuga menziesii,1,12.0,12.0,47.0,279.800705,1,OR
13231870010497,15,white fir,Abies concolor,7,19.942857142857143,32.8,102.28571428571429,16229.712361,7,OR
13231870010497,119,western white pine,Pinus monticola,5,18.54,42.8,92.0,12329.327503999999,5,OR
13231870010497,202,Douglas-fir,Pseudotsuga menziesii,10,22.630000000000003,40.5,107.3,27395.432361,10,OR
13231870010497,263,western hemlock,Tsuga heterophylla,1,25.5,25.5,86.0,1926.717786,1,OR
174763181020004,15,white fir,Abies concolor,1,5.0,5.0,31.0,24.752391,1,OR
174763181020004,21,Shasta red fir,Abies shastensis,39,24.33076923076923,52.0,108.64102564102564,106541.45837000001,39,OR
174763700020004,15,white fir,Abies concolor,17,20.38235294117647,31.9,78.3529411764706,29466.304977,17,OR
174763700020004,122,ponderosa pine,Pinus ponderosa,21,13.390476190476189,37.7,70.0952380952381,22941.501510000002,20,OR
193209003020004,17,grand fir,Abies grandis,11,18.045454545454547,34.8,86.81818181818181,15204.472195,11,OR
193209003020004,22,noble fir,Abies procera,2,24.4,39.1,106.5,7674.20061,2,OR
193209003020004,202,Douglas-fir,Pseudotsuga menziesii,5,28.26,46.7,123.0,15613.888254,5,OR
216960053020004,202,Douglas-fir,Pseudotsuga menziesii,24,24.599999999999998,40.2,153.66666666666666,95299.89585,24,OR
216960053020004,263,western hemlock,Tsuga heterophylla,6,10.049999999999999,14.9,61.5,1828.235841,6,OR
22824749010497,11,Pacific silver fir,Abies amabilis,13,9.061538461538461,14.4,47.76923076923077,2836.4043,12,OR
22824749010497,93,Engelmann spruce,Picea engelmannii,9,11.344444444444443,25.5,62.22222222222222,3857.6718,9,OR
22824749010497,108,lodgepole pine,Pinus contorta,10,11.129999999999999,18.3,65.0,4320.671836,10,OR
22824749010497,264,mountain hemlock,Tsuga mertensiana,32,8.365625,18.7,38.53125,6269.56237,24,OR
22825797010497,19,subalpine fir,Abies lasiocarpa,1,10.5,10.5,47.0,199.79285,1,OR
22825797010497,108,lodgepole pine,Pinus contorta,26,7.842307692307693,13.4,50.5,4337.366529,24,OR
22825797010497,264,mountain hemlock,Tsuga mertensiana,20,8.53,12.7,43.95,3551.201282,19,OR
22931988010497,15,white fir,Abies concolor,1,10.9,10.9,28.0,82.964279,1,OR
22931988010497,21,Shasta red fir,Abies shastensis,43,13.63720930232558,33.5,39.74418604651163,23635.152082,41,OR
22932742010497,17,grand fir,Abies grandis,17,9.200000000000001,24.7,51.294117647058826,5880.548769999999,14,OR
22932742010497,119,western white pine,Pinus monticola,2,9.2,11.3,59.0,355.657781,2,OR
22932742010497,122,ponderosa pine,Pinus ponderosa,1,23.2,23.2,76.0,1669.395479,1,OR
22932742010497,202,Douglas-fir,Pseudotsuga menziesii,7,13.971428571428572,26.3,69.85714285714286,5518.044886,7,OR
22932742010497,321,Rocky Mountain maple,Acer glabrum,2,11.1,12.2,41.5,258.734177,2,OR
22953739010497,15,white fir,Abies concolor,41,14.290243902439023,33.8,69.92682926829268,59209.572005,38,OR
22953739010497,21,Shasta red fir,Abies shastensis,2,4.85,5.0,26.0,55.10438,1,OR
22953739010497,117,sugar pine,Pinus lambertiana,4,58.75,71.5,161.25,75668.389948,4,OR
22953739010497,119,western white pine,Pinus monticola,1,31.5,31.5,192.0,5641.056216,1,OR
22953739010497,202,Douglas-fir,Pseudotsuga menziesii,1,72.3,72.3,185.0,30197.150672,1,OR
238861343489998,15,white fir,Abies concolor,13,15.023076923076925,34.6,59.23076923076923,14259.519791,12,OR
238861343489998,117,sugar pine,Pinus lambertiana,1,30.8,30.8,116.0,3520.347961,1,OR
238861343489998,122,ponderosa pine,Pinus ponderosa,2,8.65,10.1,35.0,288.321059,2,OR
238861343489998,202,Douglas-fir,Pseudotsuga menziesii,5,8.2,11.7,45.4,759.943509,5,OR
238861741489998,15,white fir,Abies concolor,1,26.5,26.5,102.0,2778.493368,1,OR
238861741489998,122,ponderosa pine,Pinus ponderosa,6,8.9,12.9,32.666666666666664,1073.578596,5,OR
238861741489998,202,Douglas-fir,Pseudotsuga menziesii,1,24.8,24.8,125.0,2525.735658,1,OR
238861758489998,202,Douglas-fir,Pseudotsuga menziesii,10,46.04,64.1,178.1,113849.24775499999,10,OR
238861758489998,242,western redcedar,Thuja plicata,15,20.959999999999997,46.9,95.33333333333333,24335.739097,15,OR
238861758489998,263,western hemlock,Tsuga heterophylla,9,11.88888888888889,32.8,63.44444444444444,7230.528633999999,8,OR
24023657010900,108,lodgepole pine,Pinus contorta,71,4.170422535211268,11.3,29.633802816901408,4200.008672,32,OR
24024664010900,17,grand fir,Abies grandis,41,14.207317073170731,38.6,58.78048780487805,46786.095195,34,OR
24054871010900,21,Shasta red fir,Abies shastensis,30,8.273333333333333,16.2,38.1,3998.985362,30,OR
24054871010900,108,lodgepole pine,Pinus contorta,1,2.9,2.9,12.0,7.037361,0,OR
24058561010900,73,western larch,Larix occidentalis,10,11.430000000000001,19.1,79.9,4415.504763,10,OR
24058561010900,108,lodgepole pine,Pinus contorta,2,7.85,9.7,52.0,335.690213,2,OR
24058561010900,122,ponderosa pine,Pinus ponderosa,10,18.14,32.0,78.5,18770.982988,8,OR
24058561010900,202,Douglas-fir,Pseudotsuga menziesii,1,5.9,5.9,24.0,37.802693,1,OR
24354278010900,19,subalpine fir,Abies lasiocarpa,1,1.7,1.7,12.0,2.298252,0,OR
24354278010900,73,western larch,Larix occidentalis,1,27.5,27.5,114.0,2790.180849,1,OR
24354278010900,108,lodgepole pine,Pinus contorta,2,8.6,9.9,69.5,453.850012,2,OR
24386303010900,15,white fir,Abies concolor,53,18.967924528301886,31.3,102.09433962264151,120298.574155,53,OR
24386303010900,122,ponderosa pine,Pinus ponderosa,2,35.3,40.7,115.5,12065.061828,2,OR
24388585010900,21,Shasta red fir,Abies shastensis,33,15.766666666666666,47.9,75.57575757575758,35636.711733000004,33,OR
24388585010900,108,lodgepole pine,Pinus contorta,8,10.7625,13.6,75.75,3030.87747,8,OR
24388585010900,119,western white pine,Pinus monticola,2,14.100000000000001,16.3,96.5,1197.929724,2,OR
24388585010900,264,mountain hemlock,Tsuga mertensiana,19,11.305263157894737,22.1,57.73684210526316,8339.025527,19,OR
24423443010900,15,white fir,Abies concolor,33,10.73030303030303,25.1,76.45454545454545,15608.417645,33,OR
24423443010900,117,sugar pine,Pinus lambertiana,1,14.2,14.2,90.0,530.799208,1,OR
24423443010900,202,Douglas-fir,Pseudotsuga menziesii,9,12.533333333333333,23.9,73.33333333333333,5558.483567,9,OR
24444602010900,64,western juniper,Juniperus occidentalis,5,18.88,30.2,41.4,3716.3374200000003,5,OR
24444602010900,122,ponderosa pine,Pinus ponderosa,8,14.35,25.4,48.375,5043.703820000001,8,OR
24912346010900,202,Douglas-fir,Pseudotsuga menziesii,22,23.204545454545453,38.8,142.8181818181818,75167.519144,22,OR
24912346010900,263,western hemlock,Tsuga heterophylla,5,9.68,12.9,55.6,1214.9274349999998,5,OR
273640479489998,11,Pacific silver fir,Abies amabilis,4,25.025,41.0,92.25,11668.853022,4,OR
273640479489998,22,noble fir,Abies procera,10,40.0,49.2,161.2,89125.336754,10,OR
273640479489998,93,Engelmann spruce,Picea engelmannii,1,34.1,34.1,136.0,3890.659817,1,OR
273640479489998,263,western hemlock,Tsuga heterophylla,3,32.13333333333333,35.3,128.66666666666666,13456.816724,3,OR
273642124489998,312,bigleaf maple,Acer macrophyllum,5,8.16,9.1,34.4,560.438623,5,OR
273642124489998,747,black cottonwood,Populus balsamifera ssp. trichocarpa,1,21.1,21.1,117.0,1504.982798,1,OR
290008469489998,93,Engelmann spruce,Picea engelmannii,6,13.1,28.1,56.5,3544.5603269999997,6,OR
290008469489998,108,lodgepole pine,Pinus contorta,13,6.592307692307693,13.3,43.15384615384615,1473.668132,12,OR
290008690489998,15,white fir,Abies concolor,17,10.829411764705881,50.5,54.11764705882353,25438.86596,12,OR
290008690489998,21,Shasta red fir,Abies shastensis,6,11.450000000000001,41.5,57.833333333333336,8427.858132000001,5,OR
290008690489998,202,Douglas-fir,Pseudotsuga menziesii,18,15.827777777777776,52.5,75.27777777777777,40375.473391,18,OR
290008915489998,11,Pacific silver fir,Abies amabilis,27,5.725925925925925,15.7,33.074074074074076,2669.59262,18,OR
290008915489998,22,noble fir,Abies procera,4,30.525,42.0,140.5,20617.820139,4,OR
290008915489998,202,Douglas-fir,Pseudotsuga menziesii,16,34.33125,41.3,150.4375,88898.120567,16,OR
290008915489998,263,western hemlock,Tsuga heterophylla,2,9.0,11.7,48.5,352.839626,2,OR
29395052010497,17,grand fir,Abies grandis,39,7.9,26.4,50.8974358974359,8737.698433,33,OR
29395052010497,108,lodgepole pine,Pinus contorta,6,9.833333333333334,14.6,68.16666666666667,1971.864779,6,OR
29395052010497,122,ponderosa pine,Pinus ponderosa,11,26.163636363636364,30.4,100.81818181818181,28394.306337,11,OR
29395052010497,202,Douglas-fir,Pseudotsuga menziesii,1,14.4,14.4,81.0,634.084373,1,OR
29395455010497,202,Douglas-fir,Pseudotsuga menziesii,34,9.523529411764706,34.1,64.41176470588235,17695.819055,33,OR
29395455010497,242,western redcedar,Thuja plicata,5,25.78,58.8,81.8,17913.161225,3,OR
29395455010497,263,western hemlock,Tsuga heterophylla,4,1.625,2.0,9.75,5.481813,0,OR
29395455010497,351,red alder,Alnus rubra,14,7.478571428571429,12.7,55.5,2346.457614,14,OR
29880206010497,17,grand fir,Abies grandis,6,13.75,22.8,81.33333333333333,4603.5154999999995,6,OR
29880206010497,73,western larch,Larix occidentalis,1,16.7,16.7,140.0,1212.229063,1,OR
29880206010497,93,Engelmann spruce,Picea engelmannii,2,11.0,14.7,73.5,821.924613,2,OR
29880206010497,119,western white pine,Pinus monticola,1,43.8,43.8,161.0,10264.426511,1,OR
29880206010497,202,Douglas-fir,Pseudotsuga menziesii,9,40.900000000000006,53.3,124.22222222222223,56595.122099,9,OR
29880206010497,242,western redcedar,Thuja plicata,8,16.275,45.0,72.25,8672.221178,8,OR
29880206010497,263,western hemlock,Tsuga heterophylla,1,7.1,7.1,37.0,76.250039,1,OR
29881020010497,17,grand fir,Abies grandis,2,26.6,27.2,117.0,5742.607071,2,OR
29881020010497,122,ponderosa pine,Pinus ponderosa,3,39.699999999999996,49.2,137.0,22819.725466,3,OR
29881020010497,202,Douglas-fir,Pseudotsuga menziesii,1,28.2,28.2,127.0,3232.977206,1,OR
29881172010497,11,Pacific silver fir,Abies amabilis,2,6.199999999999999,6.8,36.5,129.983577,2,OR
29881172010497,202,Douglas-fir,Pseudotsuga menziesii,1,39.2,39.2,170.0,4899.244851,1,OR
29881172010497,242,western redcedar,Thuja plicata,5,19.96,67.9,68.2,16391.730848,5,OR
29881172010497,263,western hemlock,Tsuga heterophylla,5,7.220000000000001,16.5,35.8,894.379051,2,OR
29881172010497,351,red alder,Alnus rubra,22,8.531818181818181,14.8,68.68181818181819,5339.30318,21,OR
29881788010497,122,ponderosa pine,Pinus ponderosa,1,25.1,25.1,104.0,2345.407774,1,OR
29881788010497,202,Douglas-fir,Pseudotsuga menziesii,1,21.3,21.3,101.0,1567.456315,1,OR
29881946010497,15,white fir,Abies concolor,12,11.066666666666668,31.6,50.0,7723.345179,10,OR
29881946010497,21,Shasta red fir,Abies shastensis,15,8.953333333333335,39.5,45.46666666666667,8625.501881,12,OR
29881946010497,202,Douglas-fir,Pseudotsuga menziesii,11,7.418181818181818,10.5,43.18181818181818,1264.463593,11,OR
29881946010497,431,"giant chinkapin, golden chinkapin",Chrysolepis chrysophylla var. chrysophylla,1,10.6,10.6,27.0,145.009403,1,OR
29881946010497,492,Pacific dogwood,Cornus nuttallii,2,2.2,2.3,21.0,11.898752,0,OR
29882111010497,202,Douglas-fir,Pseudotsuga menziesii,16,14.625,54.0,71.1875,36408.278185,16,OR
29882111010497,242,western redcedar,Thuja plicata,7,36.74285714285714,51.9,157.42857142857142,32841.160519,7,OR
29882111010497,263,western hemlock,Tsuga heterophylla,7,12.585714285714285,24.7,65.42857142857143,5290.9211270000005,6,OR
29882281010497,119,western white pine,Pinus monticola,1,31.8,31.8,94.0,3424.560481,1,OR
29882281010497,202,Douglas-fir,Pseudotsuga menziesii,5,49.86,70.2,133.8,55951.130756,5,OR
29882967010497,17,grand fir,Abies grandis,18,7.777777777777778,15.3,45.05555555555556,3282.707191,15,OR
29882967010497,22,noble fir,Abies procera,1,7.8,7.8,50.0,122.779461,1,OR
29882967010497,122,ponderosa pine,Pinus ponderosa,2,8.649999999999999,9.2,54.0,344.375648,2,OR
29882967010497,202,Douglas-fir,Pseudotsuga menziesii,16,13.5,25.0,70.6875,9861.831623,16,OR
30764612020004,15,white fir,Abies concolor,24,15.362499999999999,39.5,67.70833333333333,30220.491878,24,OR
30764612020004,17,grand fir,Abies grandis,12,9.308333333333334,26.1,44.5,5165.04872,7,OR
30764693020004,17,grand fir,Abies grandis,1,10.1,10.1,56.0,243.199642,1,OR
30764693020004,21,Shasta red fir,Abies shastensis,39,8.74102564102564,18.8,39.717948717948715,6461.010154,37,OR
30764693020004,108,lodgepole pine,Pinus contorta,2,7.050000000000001,7.4,21.5,130.25392499999998,2,OR
30764710020004,108,lodgepole pine,Pinus contorta,70,4.4957142857142856,12.2,35.27142857142857,5010.260144,33,OR
30765158020004,17,grand fir,Abies grandis,1,5.1,5.1,30.0,40.001088,1,OR
30765158020004,73,western larch,Larix occidentalis,8,12.375,19.6,84.75,4331.656414,8,OR
30765158020004,108,lodgepole pine,Pinus contorta,2,8.8,10.8,60.0,458.662461,2,OR
30765158020004,122,ponderosa pine,Pinus ponderosa,13,15.576923076923077,32.9,71.76923076923077,20890.729855,10,OR
30765158020004,202,Douglas-fir,Pseudotsuga menziesii,1,7.9,7.9,35.0,93.034584,1,OR
30826361020004,15,white fir,Abies concolor,6,5.466666666666666,9.7,23.333333333333332,215.33065299999998,4,OR
30826361020004,20,California red fir,Abies magnifica,4,4.975,7.0,16.0,143.081781,2,OR
30826361020004,21,Shasta red fir,Abies shastensis,35,9.537142857142857,20.9,39.285714285714285,7418.174444,33,OR
30826390020004,81,incense-cedar,Calocedrus decurrens,1,2.1,2.1,10.0,2.489215,0,OR
30826390020004,202,Douglas-fir,Pseudotsuga menziesii,30,10.846666666666666,18.4,68.3,12088.781105,30,OR
30826390020004,818,California black oak,Quercus kelloggii,11,8.818181818181818,21.7,44.0,2483.927189,11,OR
30852096020004,15,white fir,Abies concolor,5,4.6,6.8,19.0,93.922604,3,OR
30852096020004,20,California red fir,Abies magnifica,4,5.325,8.0,16.0,185.220381,2,OR
30852096020004,21,Shasta red fir,Abies shastensis,39,10.082051282051282,22.8,38.84615384615385,9414.911482,37,OR
30852096020004,264,mountain hemlock,Tsuga mertensiana,1,6.0,6.0,26.0,50.284371,1,OR
30852293020004,81,incense-cedar,Calocedrus decurrens,1,2.9,2.9,13.0,5.684304,0,OR
30852293020004,202,Douglas-fir,Pseudotsuga menziesii,33,11.56969696969697,19.7,69.63636363636364,15573.780731,33,OR
30852293020004,361,Pacific madrone,Arbutus menziesii,1,1.0,1.0,11.0,0.693724,0,OR
30852293020004,818,California black oak,Quercus kelloggii,6,8.716666666666667,12.5,48.333333333333336,1299.01262,6,OR
30852317020004,15,white fir,Abies concolor,19,12.74736842105263,24.0,72.52631578947368,12882.858109,19,OR
30852317020004,122,ponderosa pine,Pinus ponderosa,16,26.55625,34.7,101.6875,45163.371471,16,OR
30852708020004,15,white fir,Abies concolor,11,8.272727272727273,21.8,37.72727272727273,2813.43395,8,OR
30852708020004,19,subalpine fir,Abies lasiocarpa,2,6.65,8.1,29.0,124.20527100000001,2,OR
30852708020004,93,Engelmann spruce,Picea engelmannii,11,5.345454545454545,14.0,25.727272727272727,942.021616,6,OR
30852708020004,108,lodgepole pine,Pinus contorta,10,7.69,13.7,45.8,1555.340492,9,OR
30852708020004,122,ponderosa pine,Pinus ponderosa,2,21.45,34.0,72.0,4593.553101,2,OR
30852708020004,264,mountain hemlock,Tsuga mertensiana,6,7.75,16.2,35.333333333333336,1038.721721,5,OR
345933368489998,15,white fir,Abies concolor,21,28.95714285714286,52.2,116.0952380952381,130189.042475,20,OR
345933368489998,21,Shasta red fir,Abies shastensis,3,25.099999999999998,44.5,99.66666666666667,11387.929622,3,OR
345933368489998,202,Douglas-fir,Pseudotsuga menziesii,1,34.3,34.3,128.0,5270.205698,1,OR
345934724489998,11,Pacific silver fir,Abies amabilis,1,5.3,5.3,22.0,33.973327,1,OR
345934724489998,19,subalpine fir,Abies lasiocarpa,4,10.275,17.8,47.25,1198.665856,4,OR
345934724489998,119,western white pine,Pinus monticola,1,28.3,28.3,112.0,3008.496552,1,OR
345934724489998,264,mountain hemlock,Tsuga mertensiana,44,18.53409090909091,31.9,77.86363636363636,63307.861296,41,OR
345936259489998,108,lodgepole pine,Pinus contorta,6,2.6833333333333336,4.0,17.333333333333332,49.296014,0,OR
346864009489998,202,Douglas-fir,Pseudotsuga menziesii,22,17.427272727272726,43.3,97.5,32080.513713,22,OR
346864009489998,242,western redcedar,Thuja plicata,4,11.45,17.0,60.25,1034.0764199999999,4,OR
346864009489998,263,western hemlock,Tsuga heterophylla,7,10.614285714285714,19.4,82.14285714285714,4091.2915820000003,7,OR
346864076489998,17,grand fir,Abies grandis,2,4.75,5.5,36.0,82.872831,1,OR
346864076489998,122,ponderosa pine,Pinus ponderosa,17,18.13529411764706,24.8,78.76470588235294,18000.788872,17,OR
346864076489998,202,Douglas-fir,Pseudotsuga menziesii,8,9.4125,18.3,60.25,2371.507372,8,OR
346864486489998,11,Pacific silver fir,Abies amabilis,3,6.133333333333333,8.6,23.333333333333332,219.861649,2,OR
346864486489998,15,white fir,Abies concolor,18,12.788888888888888,33.9,54.666666666666664,20898.594317,13,OR
346864486489998,21,Shasta red fir,Abies shastensis,28,13.232142857142858,35.1,63.357142857142854,20073.883894,26,OR
346864486489998,122,ponderosa pine,Pinus ponderosa,1,5.3,5.3,23.0,37.790083,1,OR
346864519489998,15,white fir,Abies concolor,5,9.38,11.8,46.0,834.730125,5,OR
346864519489998,108,lodgepole pine,Pinus contorta,28,5.785714285714286,8.6,27.821428571428573,1554.48985,26,OR
41117724010497,11,Pacific silver fir,Abies amabilis,3,9.633333333333333,13.3,41.333333333333336,616.609586,3,OR
41117724010497,15,white fir,Abies concolor,12,14.666666666666666,33.0,60.083333333333336,16919.272498,10,OR
41117724010497,21,Shasta red fir,Abies shastensis,27,12.52962962962963,34.6,57.148148148148145,16400.834633,26,OR
41117890010497,15,white fir,Abies concolor,5,7.159999999999999,9.1,32.2,357.72585399999997,5,OR
41117890010497,108,lodgepole pine,Pinus contorta,7,4.8999999999999995,7.0,22.142857142857142,272.265735,5,OR
41117920010497,202,Douglas-fir,Pseudotsuga menziesii,22,15.140909090909092,42.0,81.5909090909091,23966.855712,22,OR
41117920010497,242,western redcedar,Thuja plicata,5,8.76,14.9,46.2,704.909026,5,OR
41117920010497,263,western hemlock,Tsuga heterophylla,7,10.857142857142858,18.4,81.85714285714286,3832.250016,7,OR
41118041010497,17,grand fir,Abies grandis,1,2.8,2.8,19.0,8.675521,0,OR
41118041010497,122,ponderosa pine,Pinus ponderosa,16,16.05625,20.3,60.1875,11176.321265,16,OR
41118041010497,202,Douglas-fir,Pseudotsuga menziesii,5,9.0,14.7,46.2,983.504651,5,OR
41118311010497,15,white fir,Abies concolor,14,19.77857142857143,39.8,79.28571428571429,32480.701027,13,OR
41118311010497,21,Shasta red fir,Abies shastensis,5,31.420000000000005,40.1,111.8,23577.185879,5,OR
41118311010497,202,Douglas-fir,Pseudotsuga menziesii,6,4.366666666666667,5.7,25.333333333333332,183.07437,4,OR
41118601010497,15,white fir,Abies concolor,10,7.81,21.0,35.9,2345.449992,7,OR
41118601010497,19,subalpine fir,Abies lasiocarpa,2,6.15,7.3,26.0,97.318408,2,OR
41118601010497,93,Engelmann spruce,Picea engelmannii,11,4.7,13.7,22.545454545454547,799.776434,4,OR
41118601010497,108,lodgepole pine,Pinus contorta,10,7.87,13.6,45.5,1635.004158,9,OR
41118601010497,122,ponderosa pine,Pinus ponderosa,2,20.45,33.5,70.0,4464.330369,2,OR
41118601010497,264,mountain hemlock,Tsuga mertensiana,7,13.042857142857143,27.9,45.42857142857143,5389.198865,6,OR
41118907010497,15,white fir,Abies concolor,18,11.68888888888889,18.8,68.83333333333333,8773.966207000001,18,OR
41118907010497,122,ponderosa pine,Pinus ponderosa,16,26.0125,34.2,99.375,42716.724355,16,OR
41119072010497,15,white fir,Abies concolor,12,17.033333333333335,28.4,69.0,15623.13549,12,OR
41119072010497,122,ponderosa pine,Pinus ponderosa,22,11.740909090909092,36.8,60.68181818181818,21053.631331,19,OR
41119333010497,21,Shasta red fir,Abies shastensis,41,22.229268292682928,51.5,99.95121951219512,96883.39985100001,41,OR
41119513010497,15,white fir,Abies concolor,12,14.583333333333334,33.1,55.333333333333336,12287.737836999999,11,OR
41119513010497,122,ponderosa pine,Pinus ponderosa,1,5.7,5.7,21.0,41.928077,1,OR
41119513010497,202,Douglas-fir,Pseudotsuga menziesii,3,6.633333333333333,7.0,34.666666666666664,206.868871,3,OR
41119711010497,202,Douglas-fir,Pseudotsuga menziesii,9,46.15555555555555,63.0,173.22222222222223,102924.169805,9,OR
41119711010497,242,western redcedar,Thuja plicata,13,20.26923076923077,44.8,92.53846153846153,19911.369006,13,OR
41119711010497,263,western hemlock,Tsuga heterophylla,9,11.31111111111111,31.3,57.888888888888886,6079.341944,9,OR
41120128010497,11,Pacific silver fir,Abies amabilis,16,4.9875,14.4,26.5625,1181.757172,9,OR
41120128010497,22,noble fir,Abies procera,4,29.75,41.8,140.5,19885.779925000003,4,OR
41120128010497,202,Douglas-fir,Pseudotsuga menziesii,16,33.3125,40.1,148.875,83719.350801,16,OR
41120128010497,263,western hemlock,Tsuga heterophylla,3,11.4,17.5,59.333333333333336,1320.14484,3,OR
41120161010497,15,white fir,Abies concolor,11,9.60909090909091,49.1,41.18181818181818,15571.47551,6,OR
41120161010497,21,Shasta red fir,Abies shastensis,3,17.466666666666665,40.4,71.0,7447.802657,3,OR
41120161010497,202,Douglas-fir,Pseudotsuga menziesii,13,16.923076923076923,50.6,67.38461538461539,31914.516962,13,OR
41120206010497,93,Engelmann spruce,Picea engelmannii,6,12.216666666666667,27.8,54.333333333333336,3245.9994500000003,6,OR
41120206010497,108,lodgepole pine,Pinus contorta,33,2.6848484848484846,12.9,22.333333333333332,986.771385,5,OR
412222447489998,15,white fir,Abies concolor,42,13.921428571428573,34.6,69.30952380952381,58364.535906,38,OR
412222447489998,21,Shasta red fir,Abies shastensis,2,6.300000000000001,6.9,31.5,109.98447200000001,2,OR
412222447489998,117,sugar pine,Pinus lambertiana,5,53.6,66.1,158.6,78316.566124,5,OR
412222447489998,119,western white pine,Pinus monticola,1,42.3,42.3,185.0,10517.288842,1,OR
412222447489998,202,Douglas-fir,Pseudotsuga menziesii,1,72.9,72.9,190.0,28336.419465,1,OR
412223156489998,19,subalpine fir,Abies lasiocarpa,18,8.777777777777779,15.1,46.833333333333336,3303.088784,18,OR
412223156489998,93,Engelmann spruce,Picea engelmannii,6,14.25,25.7,76.66666666666667,3977.1584909999997,6,OR
412223156489998,108,lodgepole pine,Pinus contorta,6,8.816666666666668,11.0,58.333333333333336,1220.092704,6,OR
412223156489998,264,mountain hemlock,Tsuga mertensiana,41,8.356097560975611,19.2,38.78048780487805,7954.107363,33,OR
444202173489998,17,grand fir,Abies grandis,11,18.40909090909091,36.5,90.0909090909091,16431.054309,11,OR
444202173489998,22,noble fir,Abies procera,2,35.65,38.8,130.5,11978.50475,2,OR
444202173489998,202,Douglas-fir,Pseudotsuga menziesii,6,29.933333333333334,47.5,119.16666666666667,20095.516894,6,OR
444202588489998,19,subalpine fir,Abies lasiocarpa,1,13.4,13.4,51.0,366.594346,1,OR
444202588489998,108,lodgepole pine,Pinus contorta,23,8.391304347826088,13.2,51.34782608695652,4060.451793,22,OR
444202588489998,264,mountain hemlock,Tsuga mertensiana,22,9.195454545454545,13.9,46.63636363636363,4657.281513,21,OR
44540330020004,19,subalpine fir,Abies lasiocarpa,5,1.92,3.7,12.0,22.498309,0,OR
44540330020004,73,western larch,Larix occidentalis,1,28.6,28.6,117.0,3124.239096,1,OR
44540330020004,108,lodgepole pine,Pinus contorta,9,3.211111111111111,10.4,22.88888888888889,424.649426,1,OR
44540730020004,64,western juniper,Juniperus occidentalis,8,14.2,30.4,35.75,4017.004672,8,OR
44540730020004,122,ponderosa pine,Pinus ponderosa,8,15.6625,26.7,54.625,6121.818076,8,OR
44540996020004,21,Shasta red fir,Abies shastensis,34,17.570588235294117,48.5,82.58823529411765,44953.612653000004,34,OR
44540996020004,108,lodgepole pine,Pinus contorta,7,11.171428571428573,13.7,79.42857142857143,2976.103247,7,OR
44540996020004,119,western white pine,Pinus monticola,2,14.700000000000001,17.1,99.0,1346.992057,2,OR
44540996020004,264,mountain hemlock,Tsuga mertensiana,18,11.75,22.5,60.166666666666664,8844.922004,18,OR
44541194020004,15,white fir,Abies concolor,57,20.728070175438596,32.7,106.59649122807018,151751.418222,57,OR
44541194020004,122,ponderosa pine,Pinus ponderosa,2,36.1,41.2,121.0,12904.428874000001,2,OR
44541725020004,15,white fir,Abies concolor,5,18.02,21.5,101.2,6629.6387159999995,5,OR
44541725020004,117,sugar pine,Pinus lambertiana,1,18.3,18.3,99.0,995.314442,1,OR
44541725020004,202,Douglas-fir,Pseudotsuga menziesii,2,19.85,23.4,102.5,2819.432634,2,OR
48203759010497,15,white fir,Abies concolor,1,33.1,33.1,183.0,7812.533364,1,OR
48203759010497,17,grand fir,Abies grandis,8,25.9125,34.8,129.625,28819.142255,8,OR
48203759010497,119,western white pine,Pinus monticola,4,23.775,43.4,122.25,14333.031657,4,OR
48203759010497,202,Douglas-fir,Pseudotsuga menziesii,12,20.641666666666666,36.9,99.25,30771.647456,12,OR
48203759010497,264,mountain hemlock,Tsuga mertensiana,1,28.2,28.2,87.0,2607.139445,1,OR
484817837489998,17,grand fir,Abies grandis,24,10.950000000000001,30.5,58.375,13654.062622000001,20,OR
484817837489998,119,western white pine,Pinus monticola,1,10.0,10.0,69.0,213.334211,1,OR
484817837489998,122,ponderosa pine,Pinus ponderosa,1,24.8,24.8,80.0,1977.997877,1,OR
484817837489998,202,Douglas-fir,Pseudotsuga menziesii,10,16.94,30.1,79.1,11438.312636999999,10,OR
484818090489998,15,white fir,Abies concolor,2,12.45,13.3,28.0,199.845867,2,OR
484818090489998,21,Shasta red fir,Abies shastensis,47,15.110638297872342,35.8,45.12765957446808,34988.333253000004,44,OR
490388083126144,17,grand fir,Abies grandis,1,8.8,8.8,57.0,184.486236,1,OR
490388083126144,202,Douglas-fir,Pseudotsuga menziesii,33,11.681818181818182,35.5,81.24242424242425,22997.862584000002,33,OR
490388083126144,242,western redcedar,Thuja plicata,6,23.25,63.0,72.5,20888.241117999998,3,OR
490388083126144,263,western hemlock,Tsuga heterophylla,4,2.05,2.5,10.25,9.175104,0,OR
490388083126144,351,red alder,Alnus rubra,8,9.6625,13.7,63.25,2277.136924,8,OR
490388351126144,15,white fir,Abies concolor,41,8.7,28.0,54.292682926829265,11515.769201,36,OR
490388351126144,108,lodgepole pine,Pinus contorta,2,11.7,14.7,77.0,952.365592,2,OR
490388351126144,122,ponderosa pine,Pinus ponderosa,11,26.736363636363638,30.8,106.45454545454545,30692.506968,11,OR
490388351126144,202,Douglas-fir,Pseudotsuga menziesii,1,17.3,17.3,94.0,1016.933421,1,OR
490388546126144,15,white fir,Abies concolor,26,16.615384615384617,42.0,82.5,58914.408308,24,OR
490388546126144,81,incense-cedar,Calocedrus decurrens,1,5.1,5.1,21.0,24.48671,1,OR
490388546126144,117,sugar pine,Pinus lambertiana,2,27.85,32.0,116.5,5930.189544000001,2,OR
490388546126144,202,Douglas-fir,Pseudotsuga menziesii,5,38.44,51.7,140.2,37827.594176,5,OR
51860,122,ponderosa pine,Pinus ponderosa,11,7.409090909090909,10.8,22.363636363636363,492.817589,10,OR
51861,15,white fir,Abies concolor,25,15.44,33.6,66.76,26266.941304,21,OR
51861,21,Shasta red fir,Abies shastensis,3,27.233333333333334,38.7,106.33333333333333,8029.540258999999,3,OR
51861,117,sugar pine,Pinus lambertiana,1,46.7,46.7,157.0,9925.149739,1,OR
51861,119,western white pine,Pinus monticola,1,40.6,40.6,166.0,8380.18236,1,OR
51861,202,Douglas-fir,Pseudotsuga menziesii,1,27.6,27.6,104.0,2736.033559,1,OR
558628171126144,17,grand fir,Abies grandis,5,15.9,24.9,87.0,5399.632893,5,OR
558628171126144,73,western larch,Larix occidentalis,1,16.9,16.9,130.0,1178.993481,1,OR
558628171126144,93,Engelmann spruce,Picea engelmannii,2,11.850000000000001,15.8,75.5,950.776478,2,OR
558628171126144,119,western white pine,Pinus monticola,1,44.1,44.1,178.0,11210.141155,1,OR
558628171126144,202,Douglas-fir,Pseudotsuga menziesii,10,40.53,54.6,129.0,64661.297091,10,OR
558628171126144,242,western redcedar,Thuja plicata,9,18.822222222222223,45.8,82.11111111111111,11974.707021999999,9,OR
558628171126144,263,western hemlock,Tsuga heterophylla,1,8.2,8.2,44.0,118.231198,1,OR
558628315126144,11,Pacific silver fir,Abies amabilis,8,5.8875,9.2,34.0,562.185073,7,OR
558628315126144,202,Douglas-fir,Pseudotsuga menziesii,4,15.45,40.0,72.75,5330.675102,4,OR
558628315126144,242,western redcedar,Thuja plicata,7,18.485714285714288,69.8,64.42857142857143,17745.523658,7,OR
558628315126144,263,western hemlock,Tsuga heterophylla,9,7.866666666666666,17.5,43.888888888888886,1151.255912,8,OR
558628315126144,351,red alder,Alnus rubra,20,9.985,15.8,76.1,6738.906094,20,OR
558628315126144,431,"giant chinkapin, golden chinkapin",Chrysolepis chrysophylla var. chrysophylla,1,5.3,5.3,27.0,33.460255,1,OR
558628555126144,122,ponderosa pine,Pinus ponderosa,4,31.025,50.3,109.0,24835.618823,3,OR
558630473126144,122,ponderosa pine,Pinus ponderosa,1,27.0,27.0,101.0,2693.628202,1,OR
558630556126144,17,grand fir,Abies grandis,18,8.43888888888889,16.0,48.44444444444444,4088.68949,15,OR
558630556126144,122,ponderosa pine,Pinus ponderosa,3,9.533333333333333,11.2,63.0,698.777931,3,OR
558630556126144,202,Douglas-fir,Pseudotsuga menziesii,19,14.5,26.0,74.21052631578948,14567.901461,19,OR
558630580126144,15,white fir,Abies concolor,1,5.9,5.9,25.0,33.424921,1,OR
558630580126144,119,western white pine,Pinus monticola,1,32.3,32.3,115.0,3851.378528,1,OR
558630580126144,202,Douglas-fir,Pseudotsuga menziesii,4,37.725,57.5,117.75,24962.308791,4,OR
558630580126144,431,"giant chinkapin, golden chinkapin",Chrysolepis chrysophylla var. chrysophylla,1,1.4,1.4,9.0,0.892617,0,OR
558630661126144,15,white fir,Abies concolor,12,12.625,32.1,61.833333333333336,8686.781254,10,OR
558630661126144,21,Shasta red fir,Abies shastensis,17,10.547058823529412,40.4,56.411764705882355,10770.041464,15,OR
558630661126144,202,Douglas-fir,Pseudotsuga menziesii,10,11.14,14.2,63.1,3287.478321,10,OR
558630661126144,431,"giant chinkapin, golden chinkapin",Chrysolepis chrysophylla var. chrysophylla,3,7.333333333333333,11.2,23.666666666666668,203.33465,3,OR
558630661126144,492,Pacific dogwood,Cornus nuttallii,2,2.6,2.7,24.5,18.965694999999997,0,OR
558630732126144,202,Douglas-fir,Pseudotsuga menziesii,19,19.88421052631579,57.5,99.10526315789474,59281.388889,19,OR
558630732126144,242,western redcedar,Thuja plicata,7,37.91428571428571,53.5,150.57142857142858,33198.135717,7,OR
558630732126144,263,western hemlock,Tsuga heterophylla,8,13.275,27.1,67.875,6778.6852069999995,7,OR
645305584126144,122,ponderosa pine,Pinus ponderosa,1,9.0,9.0,23.0,116.03661,1,OR
714228637290487,64,western juniper,Juniperus occidentalis,3,12.166666666666666,13.6,37.0,720.231379,3,OR
714228637290487,122,ponderosa pine,Pinus ponderosa,11,17.772727272727273,29.7,61.54545454545455,10798.35463,11,OR
714228696290487,15,white fir,Abies concolor,25,10.06,21.5,52.44,9338.220304,25,OR
714260445290487,15,white fir,Abies concolor,34,16.323529411764707,35.7,70.67647058823529,53276.235295,32,OR
714260445290487,21,Shasta red fir,Abies shastensis,14,19.24285714285714,35.1,89.42857142857143,24474.555007,14,OR
714260445290487,202,Douglas-fir,Pseudotsuga menziesii,1,33.2,33.2,148.0,6328.438638,1,OR
715050766290487,15,white fir,Abies concolor,5,27.360000000000003,46.9,118.6,23244.764513000002,5,OR
715050766290487,122,ponderosa pine,Pinus ponderosa,16,20.18125,34.1,88.3125,28325.23086,16,OR
750064459290487,15,white fir,Abies concolor,4,25.55,33.4,118.75,14641.389168,4,OR
750064459290487,122,ponderosa pine,Pinus ponderosa,1,31.6,31.6,131.0,4904.731524,1,OR
750064459290487,202,Douglas-fir,Pseudotsuga menziesii,8,30.5625,37.4,138.5,41536.342076,8,OR
750084983290487,15,white fir,Abies concolor,13,19.700000000000003,36.4,98.07692307692308,49734.523236,9,OR
750084983290487,119,western white pine,Pinus monticola,3,29.433333333333334,44.0,148.33333333333334,15452.950063,3,OR
750084983290487,202,Douglas-fir,Pseudotsuga menziesii,12,24.583333333333332,40.3,119.75,44222.995261000004,12,OR
750084983290487,263,western hemlock,Tsuga heterophylla,2,18.35,31.2,84.5,4477.670961,2,OR
750084983290487,351,red alder,Alnus rubra,1,1.1,1.1,12.0,1.190893,0,OR
750085750290487,17,grand fir,Abies grandis,10,6.57,26.1,36.1,3163.5945799999995,4,OR
750085750290487,93,Engelmann spruce,Picea engelmannii,5,14.26,27.8,72.6,3594.969344,5,OR
750085750290487,108,lodgepole pine,Pinus contorta,3,6.533333333333334,6.7,54.666666666666664,305.279548,3,OR
786780103290487,15,white fir,Abies concolor,15,25.933333333333334,37.8,99.8,54396.666313,15,OR
786780103290487,21,Shasta red fir,Abies shastensis,9,21.366666666666667,41.9,84.77777777777777,25026.56075,9,OR
786780103290487,202,Douglas-fir,Pseudotsuga menziesii,12,10.291666666666666,15.5,58.75,3429.57753,12,OR
786780103290487,431,"giant chinkapin, golden chinkapin",Chrysolepis chrysophylla var. chrysophylla,3,1.3333333333333333,1.6,12.0,3.054671,0,OR
8662481010901,11,Pacific silver fir,Abies amabilis,1,5.1,5.1,21.0,30.53366,1,OR
8662481010901,19,subalpine fir,Abies lasiocarpa,4,9.925,16.7,45.75,1062.90777,4,OR
8662481010901,108,lodgepole pine,Pinus contorta,1,13.4,13.4,87.0,607.616397,1,OR
8662481010901,119,western white pine,Pinus monticola,2,14.6,27.4,60.0,2748.01588,1,OR
8662481010901,264,mountain hemlock,Tsuga mertensiana,47,17.863829787234042,31.0,75.04255319148936,63404.391428999996,44,OR
8679203010901,15,white fir,Abies concolor,21,28.066666666666666,50.7,114.76190476190476,120808.21529600001,20,OR
8679203010901,21,Shasta red fir,Abies shastensis,6,32.75,48.0,131.5,37136.825471,6,OR
8679203010901,202,Douglas-fir,Pseudotsuga menziesii,1,31.1,31.1,115.0,3812.879702,1,OR
12996941010497,17,grand fir,Abies grandis,6,9.85,15.5,61.833333333333336,1931.8310390000001,6,WA
12996941010497,122,ponderosa pine,Pinus ponderosa,3,16.733333333333334,34.0,65.33333333333333,5222.171876,3,WA
12996941010497,202,Douglas-fir,Pseudotsuga menziesii,12,15.333333333333334,34.5,78.75,12410.69149,11,WA
174763834020004,108,lodgepole pine,Pinus contorta,9,9.855555555555556,15.2,72.0,2894.691991,9,WA
174763834020004,202,Douglas-fir,Pseudotsuga menziesii,18,12.083333333333334,18.8,69.83333333333333,8788.733239,17,WA
174763834020004,263,western hemlock,Tsuga heterophylla,5,12.8,20.5,68.2,2738.9361750000003,5,WA
174763834020004,747,black cottonwood,Populus balsamifera ssp. trichocarpa,2,41.4,42.8,100.5,11571.554296999999,2,WA
216961465020004,17,grand fir,Abies grandis,2,7.0,8.4,34.5,180.310908,2,WA
216961465020004,122,ponderosa pine,Pinus ponderosa,3,3.8333333333333335,5.8,14.333333333333334,55.579655,1,WA
216961465020004,202,Douglas-fir,Pseudotsuga menziesii,11,8.60909090909091,26.4,39.72727272727273,5019.021326,6,WA
22398195010497,17,grand fir,Abies grandis,10,7.37,12.1,63.7,1527.857677,10,WA
22398195010497,122,ponderosa pine,Pinus ponderosa,3,29.100000000000005,33.7,92.66666666666667,8991.371043,3,WA
22398195010497,202,Douglas-fir,Pseudotsuga menziesii,18,12.488888888888889,37.0,67.05555555555556,13669.532904,18,WA
22398481010497,108,lodgepole pine,Pinus contorta,10,9.24,15.0,69.1,2801.636357,10,WA
22398481010497,202,Douglas-fir,Pseudotsuga menziesii,18,11.233333333333333,17.3,65.83333333333333,7260.158138,17,WA
22398481010497,263,western hemlock,Tsuga heterophylla,5,11.9,19.3,64.8,2361.1630969999997,5,WA
22398481010497,747,black cottonwood,Populus balsamifera ssp. trichocarpa,2,39.900000000000006,41.2,100.5,10705.294922000001,2,WA
22398992010497,17,grand fir,Abies grandis,1,10.5,10.5,68.0,292.833945,1,WA
22398992010497,19,subalpine fir,Abies lasiocarpa,17,7.976470588235294,11.3,59.8235294117647,2516.461306,16,WA
22398992010497,73,western larch,Larix occidentalis,6,8.1,10.8,77.0,1249.051543,6,WA
22398992010497,93,Engelmann spruce,Picea engelmannii,8,7.4125,12.2,55.75,1251.307031,7,WA
22398992010497,108,lodgepole pine,Pinus contorta,2,12.0,13.6,85.5,1041.989982,2,WA
22398992010497,242,western redcedar,Thuja plicata,29,11.982758620689655,36.8,52.51724137931034,13401.581122,25,WA
22398992010497,263,western hemlock,Tsuga heterophylla,5,11.84,15.7,58.0,1799.9452999999999,5,WA
22398999010497,17,grand fir,Abies grandis,22,8.709090909090909,28.4,56.77272727272727,11479.193313,14,WA
22398999010497,108,lodgepole pine,Pinus contorta,3,14.066666666666668,15.8,106.33333333333333,2598.8146540000002,3,WA
22398999010497,202,Douglas-fir,Pseudotsuga menziesii,7,25.12857142857143,30.1,119.57142857142857,20912.792433,7,WA
22398999010497,242,western redcedar,Thuja plicata,6,11.616666666666667,24.5,62.0,2153.122666,6,WA
22398999010497,263,western hemlock,Tsuga heterophylla,3,7.0,9.1,41.333333333333336,282.602342,3,WA
22398999010497,321,Rocky Mountain maple,Acer glabrum,1,5.2,5.2,39.0,22.474411,1,WA
22399080010497,19,subalpine fir,Abies lasiocarpa,23,7.565217391304348,11.6,43.869565217391305,2609.224332,23,WA
22399080010497,108,lodgepole pine,Pinus contorta,40,8.852500000000001,15.8,59.75,8988.437971,40,WA
22399080010497,264,mountain hemlock,Tsuga mertensiana,14,11.307142857142859,27.1,51.0,6559.860162,14,WA
22399204010497,122,ponderosa pine,Pinus ponderosa,13,19.138461538461538,28.9,95.46153846153847,21361.660944,13,WA
22399204010497,202,Douglas-fir,Pseudotsuga menziesii,23,12.908695652173913,28.1,79.8695652173913,18990.62974,21,WA
22827505010497,17,grand fir,Abies grandis,1,5.9,5.9,34.0,58.496631,1,WA
22827505010497,19,subalpine fir,Abies lasiocarpa,4,9.100000000000001,14.5,51.5,716.339608,4,WA
22827505010497,93,Engelmann spruce,Picea engelmannii,4,20.825,28.5,90.75,5095.065891,4,WA
22827505010497,108,lodgepole pine,Pinus contorta,5,5.16,7.5,31.2,288.236784,4,WA
22827505010497,119,western white pine,Pinus monticola,13,2.476923076923077,6.0,13.76923076923077,92.912849,3,WA
22827505010497,122,ponderosa pine,Pinus ponderosa,2,27.549999999999997,29.2,115.5,6070.98214,2,WA
22827505010497,202,Douglas-fir,Pseudotsuga menziesii,4,6.4,17.3,35.75,989.2052120000001,2,WA
22827505010497,747,black cottonwood,Populus balsamifera ssp. trichocarpa,1,25.5,25.5,73.0,1358.754318,1,WA
22827588010497,11,Pacific silver fir,Abies amabilis,1,1.3,1.3,8.0,1.046827,0,WA
22827588010497,19,subalpine fir,Abies lasiocarpa,8,5.875,8.5,30.0,468.15138,6,WA
22827588010497,101,whitebark pine,Pinus albicaulis,7,5.414285714285714,9.6,22.0,383.676396,4,WA
22827588010497,264,mountain hemlock,Tsuga mertensiana,3,6.6000000000000005,12.4,27.0,370.24177499999996,2,WA
22827591010497,17,grand fir,Abies grandis,12,6.2749999999999995,12.2,42.833333333333336,1459.698031,9,WA
22827591010497,122,ponderosa pine,Pinus ponderosa,12,22.066666666666666,45.4,98.08333333333333,25765.045106,12,WA
22827591010497,202,Douglas-fir,Pseudotsuga menziesii,23,13.904347826086957,33.2,78.73913043478261,20173.94114,22,WA
22827640010497,17,grand fir,Abies grandis,7,4.6000000000000005,8.2,26.857142857142858,356.365515,4,WA
22827640010497,93,Engelmann spruce,Picea engelmannii,1,6.7,6.7,42.0,86.013886,1,WA
22827640010497,108,lodgepole pine,Pinus contorta,4,5.275,5.6,28.25,169.047934,4,WA
22827640010497,119,western white pine,Pinus monticola,6,10.516666666666667,16.5,70.66666666666667,2772.47502,5,WA
22827640010497,122,ponderosa pine,Pinus ponderosa,1,26.0,26.0,115.0,2671.455459,1,WA
22827640010497,202,Douglas-fir,Pseudotsuga menziesii,15,9.0,17.3,58.13333333333333,3668.767572,14,WA
22827640010497,263,western hemlock,Tsuga heterophylla,1,5.3,5.3,35.0,41.542596,1,WA
22932997010497,11,Pacific silver fir,Abies amabilis,1,3.5,3.5,17.0,12.466796,0,WA
22932997010497,119,western white pine,Pinus monticola,1,6.4,6.4,55.0,67.609767,1,WA
22932997010497,202,Douglas-fir,Pseudotsuga menziesii,15,14.0,24.5,78.46666666666667,10941.195296,15,WA
22932997010497,264,mountain hemlock,Tsuga mertensiana,4,12.0,16.4,63.75,1621.539473,4,WA
22933091010497,17,grand fir,Abies grandis,5,6.32,8.2,34.2,447.332875,4,WA
22933091010497,93,Engelmann spruce,Picea engelmannii,5,23.46,27.2,114.2,8953.558873,5,WA
22933091010497,202,Douglas-fir,Pseudotsuga menziesii,13,22.207692307692305,31.9,97.46153846153847,28974.142529,13,WA
22933091010497,242,western redcedar,Thuja plicata,7,26.785714285714285,41.0,87.57142857142857,13499.875182,7,WA
22933091010497,351,red alder,Alnus rubra,2,1.05,1.1,11.5,2.116264,0,WA
24166,242,western redcedar,Thuja plicata,2,36.0,36.0,83.0,3142.16749,2,WA
24166,351,red alder,Alnus rubra,9,16.12222222222222,29.4,54.77777777777778,5229.903888,9,WA
24166,999,other or unknown live tree,Tree unknown,3,5.7,6.0,36.0,234.27775,3,WA
24203697010900,202,Douglas-fir,Pseudotsuga menziesii,19,15.31578947368421,38.7,90.3157894736842,21549.956213,18,WA
24203697010900,263,western hemlock,Tsuga heterophylla,3,1.5,1.8,13.666666666666666,5.140762,0,WA
24203697010900,321,Rocky Mountain maple,Acer glabrum,2,7.35,9.1,28.0,67.624009,2,WA
24203697010900,375,paper birch,Betula papyrifera,1,6.3,6.3,42.0,106.117532,1,WA
24497166010900,17,grand fir,Abies grandis,14,14.12857142857143,30.6,82.57142857142857,12781.137271,14,WA
24497166010900,122,ponderosa pine,Pinus ponderosa,13,25.56153846153846,68.7,105.76923076923077,54782.404361,13,WA
24497166010900,202,Douglas-fir,Pseudotsuga menziesii,2,25.65,32.1,115.5,5550.060094,2,WA
24497166010900,920,willow spp.,Salix spp.,1,8.1,8.1,52.0,100.523607,1,WA
25096600010900,202,Douglas-fir,Pseudotsuga menziesii,2,15.75,25.0,70.5,2555.124688,2,WA
273640319489998,17,grand fir,Abies grandis,4,10.3,16.8,61.25,1612.20501,4,WA
273640319489998,122,ponderosa pine,Pinus ponderosa,3,17.2,34.2,68.0,5360.748937,3,WA
273640319489998,202,Douglas-fir,Pseudotsuga menziesii,9,15.222222222222221,34.8,71.44444444444444,10020.457907,8,WA
290008659489998,17,grand fir,Abies grandis,1,1.5,1.5,7.0,1.284242,0,WA
290008659489998,19,subalpine fir,Abies lasiocarpa,29,7.089655172413793,12.3,42.793103448275865,3072.028994,24,WA
290008659489998,108,lodgepole pine,Pinus contorta,23,8.808695652173913,11.8,65.21739130434783,5192.089373,23,WA
290008659489998,264,mountain hemlock,Tsuga mertensiana,20,9.65,27.9,47.85,7957.8892989999995,17,WA
290008712489998,17,grand fir,Abies grandis,25,10.22,31.3,69.88,18443.806398999997,17,WA
290008712489998,108,lodgepole pine,Pinus contorta,2,16.15,16.7,113.0,2327.844575,2,WA
290008712489998,202,Douglas-fir,Pseudotsuga menziesii,6,26.366666666666664,31.3,122.0,20160.097881,6,WA
290008712489998,242,western redcedar,Thuja plicata,8,15.8,26.7,78.0,5570.487489,8,WA
290008712489998,263,western hemlock,Tsuga heterophylla,2,8.6,10.0,46.5,295.165972,2,WA
290008968489998,17,grand fir,Abies grandis,2,6.449999999999999,7.1,54.0,190.827947,2,WA
290008968489998,19,subalpine fir,Abies lasiocarpa,12,8.791666666666666,12.0,71.25,2186.295391,12,WA
290008968489998,73,western larch,Larix occidentalis,6,9.083333333333334,13.0,84.5,1753.642456,6,WA
290008968489998,93,Engelmann spruce,Picea engelmannii,6,8.666666666666666,14.4,68.5,1504.537226,6,WA
290008968489998,108,lodgepole pine,Pinus contorta,2,12.75,14.2,98.5,1311.234559,2,WA
290008968489998,202,Douglas-fir,Pseudotsuga menziesii,1,4.6,4.6,42.0,39.789643,0,WA
290008968489998,242,western redcedar,Thuja plicata,32,11.921875,37.8,53.75,14742.075573,27,WA
290008968489998,263,western hemlock,Tsuga heterophylla,5,12.78,16.9,64.4,2195.1854519999997,5,WA
29882816010497,242,western redcedar,Thuja plicata,1,38.9,38.9,87.0,2979.140768,1,WA
29882816010497,321,Rocky Mountain maple,Acer glabrum,1,20.0,20.0,50.0,523.917018,1,WA
29882816010497,351,red alder,Alnus rubra,6,15.766666666666666,26.3,49.166666666666664,4460.088334,6,WA
29882886010497,17,grand fir,Abies grandis,6,10.816666666666668,18.1,48.833333333333336,2130.481574,6,WA
29882886010497,93,Engelmann spruce,Picea engelmannii,4,10.525,13.0,49.5,929.329207,4,WA
29882886010497,202,Douglas-fir,Pseudotsuga menziesii,5,6.640000000000001,8.3,33.4,343.59921099999997,5,WA
29882945010497,17,grand fir,Abies grandis,2,9.1,12.1,37.0,381.37595,2,WA
29882945010497,19,subalpine fir,Abies lasiocarpa,1,12.3,12.3,49.0,294.471921,1,WA
29882945010497,202,Douglas-fir,Pseudotsuga menziesii,18,16.405555555555555,42.2,69.22222222222223,18443.26173,18,WA
29882945010497,321,Rocky Mountain maple,Acer glabrum,1,5.0,5.0,14.0,6.381976,1,WA
29883153010497,17,grand fir,Abies grandis,14,4.707142857142857,11.8,27.571428571428573,928.789931,8,WA
29883153010497,119,western white pine,Pinus monticola,2,11.2,15.5,65.0,670.837751,2,WA
29883153010497,122,ponderosa pine,Pinus ponderosa,1,24.4,24.4,99.0,2149.687622,1,WA
29883153010497,202,Douglas-fir,Pseudotsuga menziesii,11,20.754545454545454,28.9,120.27272727272727,21106.502976,11,WA
29883153010497,242,western redcedar,Thuja plicata,2,9.399999999999999,13.7,44.5,314.603826,2,WA
29883316010497,17,grand fir,Abies grandis,39,10.810256410256411,34.0,68.33333333333333,21509.18978,35,WA
29883316010497,122,ponderosa pine,Pinus ponderosa,3,24.333333333333332,35.5,91.0,9056.572332,3,WA
29883316010497,202,Douglas-fir,Pseudotsuga menziesii,11,12.390909090909092,17.8,74.63636363636364,5711.587034,11,WA
30764681020004,202,Douglas-fir,Pseudotsuga menziesii,18,14.744444444444444,40.2,88.94444444444444,19911.968322,16,WA
30764681020004,263,western hemlock,Tsuga heterophylla,5,1.78,2.8,12.0,12.822661,0,WA
30764681020004,375,paper birch,Betula papyrifera,1,6.9,6.9,60.0,149.667612,1,WA
30852530020004,17,grand fir,Abies grandis,9,7.355555555555556,10.6,62.0,1282.844409,9,WA
30852530020004,122,ponderosa pine,Pinus ponderosa,5,27.82,34.0,101.2,13538.060571999999,5,WA
30852530020004,202,Douglas-fir,Pseudotsuga menziesii,23,12.121739130434783,34.5,68.04347826086956,17311.485503,23,WA
30852530020004,312,bigleaf maple,Acer macrophyllum,1,5.3,5.3,34.0,45.187542,1,WA
345934899489998,17,grand fir,Abies grandis,4,8.375,11.5,46.0,661.0242910000001,4,WA
345934899489998,93,Engelmann spruce,Picea engelmannii,1,24.0,24.0,143.0,2203.904051,1,WA
345934899489998,119,western white pine,Pinus monticola,1,29.7,29.7,143.0,3998.048589,1,WA
345934899489998,122,ponderosa pine,Pinus ponderosa,3,30.733333333333334,33.1,146.0,13111.189074,3,WA
345934899489998,202,Douglas-fir,Pseudotsuga menziesii,8,25.125,28.5,121.0,21415.430745999998,8,WA
345934899489998,242,western redcedar,Thuja plicata,4,5.975,16.7,24.75,440.556331,1,WA
345936621489998,17,grand fir,Abies grandis,1,22.7,22.7,113.0,2018.457513,1,WA
345936621489998,122,ponderosa pine,Pinus ponderosa,1,20.7,20.7,123.0,1710.513823,1,WA
345936621489998,202,Douglas-fir,Pseudotsuga menziesii,31,29.458064516129035,56.7,128.4516129032258,139929.348374,31,WA
346864309489998,122,ponderosa pine,Pinus ponderosa,11,22.963636363636365,30.5,107.27272727272727,25764.331455,11,WA
346864309489998,202,Douglas-fir,Pseudotsuga menziesii,23,13.356521739130434,29.2,83.73913043478261,21787.415949,21,WA
40220261010497,122,ponderosa pine,Pinus ponderosa,13,13.915384615384616,31.0,50.30769230769231,9053.875238999999,12,WA
40220261010497,202,Douglas-fir,Pseudotsuga menziesii,14,12.37857142857143,24.3,49.857142857142854,5514.780875,14,WA
40220555010497,17,grand fir,Abies grandis,1,29.1,29.1,124.0,3507.104336,1,WA
40220555010497,122,ponderosa pine,Pinus ponderosa,9,24.555555555555557,27.2,122.77777777777777,22348.471451999998,9,WA
40220555010497,202,Douglas-fir,Pseudotsuga menziesii,13,23.73846153846154,31.4,126.07692307692308,31796.031874,13,WA
40220555010497,242,western redcedar,Thuja plicata,1,19.2,19.2,90.0,795.512908,1,WA
40403564010497,17,grand fir,Abies grandis,12,5.3500000000000005,7.9,37.833333333333336,764.697608,9,WA
40403564010497,73,western larch,Larix occidentalis,5,6.6,10.4,48.0,536.4675010000001,4,WA
40403564010497,108,lodgepole pine,Pinus contorta,4,8.475,12.9,48.75,735.983078,4,WA
40403564010497,202,Douglas-fir,Pseudotsuga menziesii,7,7.285714285714286,9.7,42.285714285714285,736.302207,7,WA
40403564010497,242,western redcedar,Thuja plicata,9,2.3,4.8,15.222222222222221,45.204509,0,WA
40403564010497,263,western hemlock,Tsuga heterophylla,2,3.7,3.8,27.0,32.641311,0,WA
40403564010497,747,black cottonwood,Populus balsamifera ssp. trichocarpa,8,8.3875,12.8,49.375,1329.89475,7,WA
40403573010497,17,grand fir,Abies grandis,4,22.775,35.0,107.75,12239.632047000001,4,WA
40403573010497,122,ponderosa pine,Pinus ponderosa,8,31.7125,44.8,116.25,34524.687933,8,WA
40403573010497,202,Douglas-fir,Pseudotsuga menziesii,18,13.600000000000001,44.6,66.88888888888889,17201.554148000003,18,WA
444202157489998,11,Pacific silver fir,Abies amabilis,1,3.2,3.2,14.0,9.225862,0,WA
444202157489998,19,subalpine fir,Abies lasiocarpa,12,7.966666666666668,26.1,33.583333333333336,2823.479253,9,WA
444202157489998,101,whitebark pine,Pinus albicaulis,6,4.5,7.0,16.5,123.685046,3,WA
444202157489998,119,western white pine,Pinus monticola,2,3.25,5.1,16.5,22.40752,1,WA
444202157489998,264,mountain hemlock,Tsuga mertensiana,5,5.86,13.5,24.4,502.575675,3,WA
444202272489998,17,grand fir,Abies grandis,12,7.033333333333334,13.2,44.166666666666664,1847.869476,9,WA
444202272489998,122,ponderosa pine,Pinus ponderosa,12,22.633333333333336,45.4,100.58333333333333,27107.619071,12,WA
444202272489998,202,Douglas-fir,Pseudotsuga menziesii,23,14.469565217391304,34.0,79.34782608695652,21325.788655,22,WA
444202714489998,17,grand fir,Abies grandis,2,6.4,7.5,35.0,153.223392,2,WA
444202714489998,19,subalpine fir,Abies lasiocarpa,5,8.22,15.3,41.6,875.0022329999999,4,WA
444202714489998,93,Engelmann spruce,Picea engelmannii,5,18.68,29.5,78.6,5685.5477789999995,5,WA
444202714489998,108,lodgepole pine,Pinus contorta,11,5.4363636363636365,9.8,38.09090909090909,900.463389,8,WA
444202714489998,119,western white pine,Pinus monticola,14,2.9214285714285713,7.3,15.142857142857142,135.106866,2,WA
444202714489998,122,ponderosa pine,Pinus ponderosa,2,27.7,29.4,114.5,6108.611902000001,2,WA
444202714489998,202,Douglas-fir,Pseudotsuga menziesii,5,11.459999999999999,25.6,56.6,3893.786702,3,WA
444202714489998,747,black cottonwood,Populus balsamifera ssp. trichocarpa,1,25.6,25.6,78.0,1230.312428,1,WA
444202723489998,17,grand fir,Abies grandis,10,5.37,8.8,31.1,624.132264,7,WA
444202723489998,93,Engelmann spruce,Picea engelmannii,1,7.2,7.2,44.0,101.346613,1,WA
444202723489998,108,lodgepole pine,Pinus contorta,4,7.325,8.0,44.0,450.851202,4,WA
444202723489998,119,western white pine,Pinus monticola,5,10.5,17.8,64.0,2349.383733,4,WA
444202723489998,122,ponderosa pine,Pinus ponderosa,1,27.3,27.3,127.0,3129.299364,1,WA
444202723489998,202,Douglas-fir,Pseudotsuga menziesii,14,10.464285714285714,18.6,68.07142857142857,5077.174107,14,WA
444202723489998,263,western hemlock,Tsuga heterophylla,1,7.4,7.4,45.0,99.439963,1,WA
44541748020004,17,grand fir,Abies grandis,14,17.07857142857143,32.1,93.42857142857143,20441.185081,14,WA
44541748020004,122,ponderosa pine,Pinus ponderosa,13,26.900000000000002,69.7,110.23076923076923,56889.891773999996,13,WA
44541748020004,202,Douglas-fir,Pseudotsuga menziesii,4,25.85,35.5,123.5,12370.609144,4,WA
48203713010497,17,grand fir,Abies grandis,16,5.51875,23.9,30.375,3133.159909,8,WA
48203713010497,108,lodgepole pine,Pinus contorta,1,10.9,10.9,107.0,454.991849,1,WA
48203713010497,119,western white pine,Pinus monticola,4,18.375,25.5,113.5,6175.271172000001,4,WA
48203713010497,122,ponderosa pine,Pinus ponderosa,1,39.9,39.9,142.0,7437.010194,1,WA
48203713010497,202,Douglas-fir,Pseudotsuga menziesii,7,19.17142857142857,25.4,110.0,10616.631667,7,WA
48203713010497,242,western redcedar,Thuja plicata,10,6.3100000000000005,9.0,32.5,466.41695100000004,10,WA
48203713010497,263,western hemlock,Tsuga heterophylla,1,5.0,5.0,26.0,27.998763,1,WA
48204134010497,17,grand fir,Abies grandis,11,7.0636363636363635,16.1,39.36363636363637,1522.284858,10,WA
48204134010497,73,western larch,Larix occidentalis,1,1.0,1.0,13.0,0.853111,0,WA
48204134010497,202,Douglas-fir,Pseudotsuga menziesii,5,3.08,5.7,20.0,81.73997,1,WA
48204134010497,242,western redcedar,Thuja plicata,1,22.5,22.5,51.0,705.430725,1,WA
48204134010497,375,paper birch,Betula papyrifera,5,1.8199999999999998,2.5,17.4,26.525847,0,WA
484819190489998,17,grand fir,Abies grandis,5,7.94,9.6,42.4,674.661601,5,WA
484819190489998,93,Engelmann spruce,Picea engelmannii,5,24.48,28.5,116.6,9863.274155,5,WA
484819190489998,202,Douglas-fir,Pseudotsuga menziesii,17,21.405882352941177,32.9,96.11764705882354,35863.955626,17,WA
484819190489998,242,western redcedar,Thuja plicata,9,23.22222222222222,42.5,85.77777777777777,15213.247318,9,WA
484819224489998,22,noble fir,Abies procera,1,3.8,3.8,18.0,14.170101,0,WA
484819224489998,119,western white pine,Pinus monticola,1,7.9,7.9,67.0,124.177379,1,WA
484819224489998,202,Douglas-fir,Pseudotsuga menziesii,15,15.506666666666666,27.1,84.66666666666667,13998.583131,15,WA
484819224489998,263,western hemlock,Tsuga heterophylla,3,12.733333333333334,16.9,66.66666666666667,1348.640361,3,WA
498302557126144,17,grand fir,Abies grandis,5,7.1,13.1,43.4,757.8920909999999,4,WA
498302557126144,122,ponderosa pine,Pinus ponderosa,3,26.433333333333334,36.0,100.66666666666667,8701.83998,3,WA
498302557126144,202,Douglas-fir,Pseudotsuga menziesii,14,17.142857142857142,28.8,74.71428571428571,14340.919952,14,WA
498302557126144,747,black cottonwood,Populus balsamifera ssp. trichocarpa,1,12.5,12.5,49.0,328.53969,1,WA
558629524126144,17,grand fir,Abies grandis,26,11.715384615384616,25.2,73.3076923076923,15100.919609,25,WA
558629524126144,122,ponderosa pine,Pinus ponderosa,2,33.1,36.2,126.5,9525.408202999999,2,WA
558629524126144,202,Douglas-fir,Pseudotsuga menziesii,18,14.527777777777779,22.3,87.83333333333333,14905.334699000001,18,WA
558629564126144,242,western redcedar,Thuja plicata,1,44.2,44.2,97.0,4271.816624,1,WA
558629564126144,351,red alder,Alnus rubra,7,17.685714285714287,28.9,47.857142857142854,6874.317367,6,WA
558630739126144,17,grand fir,Abies grandis,3,9.233333333333334,12.0,43.0,591.132082,3,WA
558630739126144,93,Engelmann spruce,Picea engelmannii,3,12.6,13.6,57.666666666666664,1031.881625,3,WA
558630739126144,122,ponderosa pine,Pinus ponderosa,2,6.75,7.2,36.5,164.15981499999998,2,WA
558630739126144,202,Douglas-fir,Pseudotsuga menziesii,5,9.06,11.8,40.6,730.356418,5,WA
558630780126144,17,grand fir,Abies grandis,19,4.068421052631579,10.0,23.789473684210527,900.7120620000001,7,WA
558630780126144,119,western white pine,Pinus monticola,3,9.066666666666666,15.7,56.333333333333336,920.1978280000001,2,WA
558630780126144,122,ponderosa pine,Pinus ponderosa,1,25.5,25.5,111.0,2514.141997,1,WA
558630780126144,202,Douglas-fir,Pseudotsuga menziesii,6,20.966666666666665,29.3,112.33333333333333,11406.405539,6,WA
558630780126144,242,western redcedar,Thuja plicata,2,11.05,15.6,52.5,463.33270500000003,2,WA
558630782126144,17,grand fir,Abies grandis,2,10.3,13.8,45.0,558.9599,2,WA
558630782126144,19,subalpine fir,Abies lasiocarpa,1,12.6,12.6,53.0,320.155061,1,WA
558630782126144,202,Douglas-fir,Pseudotsuga menziesii,17,17.86470588235294,44.8,74.76470588235294,20208.692723,17,WA
645308381126144,122,ponderosa pine,Pinus ponderosa,14,14.507142857142856,32.4,52.285714285714285,10754.418859,13,WA
645308381126144,202,Douglas-fir,Pseudotsuga menziesii,13,13.792307692307693,25.6,53.15384615384615,5928.985907,13,WA
645308680126144,122,ponderosa pine,Pinus ponderosa,9,25.822222222222223,29.0,129.0,25489.283255000002,9,WA
645308680126144,202,Douglas-fir,Pseudotsuga menziesii,18,25.427777777777777,32.8,133.61111111111111,52394.52432,18,WA
645308680126144,242,western redcedar,Thuja plicata,1,20.2,20.2,90.0,856.753714,1,WA
714229186290487,17,grand fir,Abies grandis,5,18.02,32.4,87.4,9485.981775,5,WA
714229186290487,122,ponderosa pine,Pinus ponderosa,6,30.266666666666666,37.4,124.0,24258.4137,6,WA
714229186290487,202,Douglas-fir,Pseudotsuga menziesii,14,12.685714285714285,44.9,64.35714285714286,13777.579615999999,14,WA
714229281290487,17,grand fir,Abies grandis,16,6.48125,10.6,48.5,2108.91155,12,WA
714229281290487,73,western larch,Larix occidentalis,4,8.5,12.1,63.75,822.893992,4,WA
714229281290487,108,lodgepole pine,Pinus contorta,4,9.8,14.3,67.0,1204.954159,4,WA
714229281290487,202,Douglas-fir,Pseudotsuga menziesii,5,9.1,11.2,62.6,1138.250614,5,WA
714229281290487,242,western redcedar,Thuja plicata,9,3.9555555555555557,6.3,24.444444444444443,178.741037,3,WA
714229281290487,263,western hemlock,Tsuga heterophylla,2,3.4,5.8,25.5,59.146480000000004,1,WA
714229281290487,747,black cottonwood,Populus balsamifera ssp. trichocarpa,7,10.542857142857143,14.8,67.57142857142857,2043.6997390000001,7,WA
750082665290487,17,grand fir,Abies grandis,14,3.1999999999999997,9.5,16.357142857142858,315.818394,3,WA
750082665290487,119,western white pine,Pinus monticola,6,15.966666666666669,27.3,83.5,9023.461865000001,4,WA
750082665290487,122,ponderosa pine,Pinus ponderosa,2,34.8,40.2,143.5,11491.293113,2,WA
750082665290487,202,Douglas-fir,Pseudotsuga menziesii,2,1.2000000000000002,1.3,11.5,2.3160410000000002,0,WA
750082665290487,242,western redcedar,Thuja plicata,8,6.025,8.5,30.375,359.139253,7,WA
750082665290487,263,western hemlock,Tsuga heterophylla,1,7.6,7.6,35.0,82.260417,1,WA
750082745290487,17,grand fir,Abies grandis,13,6.546153846153846,11.7,37.38461538461539,1247.439091,11,WA
750082745290487,73,western larch,Larix occidentalis,2,1.35,1.4,16.5,3.671071,0,WA
750082745290487,122,ponderosa pine,Pinus ponderosa,2,6.3,7.6,30.0,135.132443,2,WA
750082745290487,202,Douglas-fir,Pseudotsuga menziesii,17,4.241176470588235,10.4,27.529411764705884,902.489499,7,WA
750082745290487,375,paper birch,Betula papyrifera,8,2.525,7.1,22.25,190.232615,1,WA
750082745290487,747,black cottonwood,Populus balsamifera ssp. trichocarpa,1,11.4,11.4,47.0,265.196783,1,WA
8615827010901,17,grand fir,Abies grandis,1,20.0,20.0,108.0,1508.054737,1,WA
8615827010901,122,ponderosa pine,Pinus ponderosa,1,19.4,19.4,119.0,1463.920856,1,WA
8615827010901,202,Douglas-fir,Pseudotsuga menziesii,36,27.130555555555556,64.7,122.88888888888889,158351.099944,36,WA
8651533010901,17,grand fir,Abies grandis,5,12.819999999999999,28.2,74.2,5105.791097,4,WA
8651533010901,119,western white pine,Pinus monticola,1,27.8,27.8,133.0,3278.082032,1,WA
8651533010901,122,ponderosa pine,Pinus ponderosa,3,30.099999999999998,32.3,137.0,12121.890214,3,WA
8651533010901,202,Douglas-fir,Pseudotsuga menziesii,6,23.55,26.3,119.0,14328.554272,6,WA
8651533010901,242,western redcedar,Thuja plicata,3,5.433333333333334,12.5,23.0,221.027495,1,WA
