month,mean,median,min,max,std,l3_code,region_name
Jan,16.309454,15.866833,4.2724,39.59486,5.1793137,1,Coast Range
Feb,10.159451,9.965828,2.850037,23.704266,2.809505,1,Coast Range
Mar,11.8649435,11.447342,2.7755134,28.089853,3.7315505,1,Coast Range
Apr,7.9546146,7.753957,1.5482292,18.043352,2.4308352,1,Coast Range
May,4.283324,4.094132,1.1122054,9.522643,1.1677552,1,Coast Range
Jun,3.2186425,3.16047,0.7650752,7.1463385,0.92233187,1,Coast Range
Jul,1.4100935,1.2514141,0.45940575,3.3004704,0.54180324,1,Coast Range
Aug,2.0802457,1.8592885,0.69802797,5.0448413,0.77271813,1,Coast Range
Sep,4.0014496,3.8775988,1.2338157,10.148544,1.3758445,1,Coast Range
Oct,10.17261,9.912976,3.067242,25.912214,3.2196574,1,Coast Range
Nov,16.86313,15.709333,5.114649,41.102932,5.687539,1,Coast Range
Dec,15.93936,15.17215,4.4198804,37.871,4.81877,1,Coast Range
Jan,1.6492988,1.4930677,0.88216186,5.7059836,0.57521546,10,Columbia Plateau
Feb,1.1748244,1.029347,0.54338616,5.5701213,0.45976716,10,Columbia Plateau
Mar,1.2803223,1.1326935,0.5429491,6.345476,0.5426429,10,Columbia Plateau
Apr,1.0217113,0.888658,0.42357898,5.1352744,0.42266247,10,Columbia Plateau
May,1.115686,1.0154691,0.42204356,3.5680296,0.4001958,10,Columbia Plateau
Jun,0.91129094,0.8335005,0.3407876,2.7231472,0.30671528,10,Columbia Plateau
Jul,0.36343107,0.3278742,0.072240196,1.1909809,0.14221063,10,Columbia Plateau
Aug,0.30170313,0.27865764,0.09685045,0.9864927,0.11683489,10,Columbia Plateau
Sep,0.40583596,0.35527185,0.14708276,1.4706308,0.161691,10,Columbia Plateau
Oct,1.057609,0.9473234,0.55011445,4.4700813,0.36165342,10,Columbia Plateau
Nov,1.5613626,1.3751583,0.70676816,5.6386213,0.6163537,10,Columbia Plateau
Dec,1.8963239,1.748558,0.93003595,6.9981456,0.6612768,10,Columbia Plateau
Jan,4.1762533,4.2292895,1.1357447,8.998268,2.0442858,11,Blue Mountains
Feb,3.5428545,3.6332855,1.076103,7.127957,1.6605394,11,Blue Mountains
Mar,3.9843845,4.151475,1.4396424,7.575748,1.6775563,11,Blue Mountains
Apr,3.2096884,3.2313976,1.3641306,6.638893,1.1215118,11,Blue Mountains
May,2.763053,2.786338,1.5273159,5.0286603,0.56036615,11,Blue Mountains
Jun,2.1514697,2.1698005,1.1683865,3.6308248,0.37057188,11,Blue Mountains
Jul,0.7601276,0.7346225,0.44176796,1.194603,0.15226975,11,Blue Mountains
Aug,0.7288704,0.7321422,0.41582307,0.9678706,0.10131743,11,Blue Mountains
Sep,1.0028813,0.9198371,0.5352326,1.543623,0.24481815,11,Blue Mountains
Oct,2.652588,2.6043913,0.9984218,5.170707,1.1056005,11,Blue Mountains
Nov,4.413012,4.401654,1.3923197,10.325277,2.0292428,11,Blue Mountains
Dec,4.6698937,4.739841,1.2734574,10.540475,2.291369,11,Blue Mountains
Jan,2.7078192,2.4538753,1.1216109,7.9105163,1.0786984,15,Northern Rockies
Feb,1.8946548,1.7029498,0.7677524,6.3501177,0.77816784,15,Northern Rockies
Mar,2.4371731,2.2419658,0.8292879,9.44378,1.0319252,15,Northern Rockies
Apr,1.9207318,1.738186,0.8436186,5.1012588,0.67646456,15,Northern Rockies
May,2.266818,2.1577728,1.0122801,5.3176804,0.64256823,15,Northern Rockies
Jun,2.3864214,2.2859817,0.888969,5.6590543,0.7598095,15,Northern Rockies
Jul,1.0505174,1.0223981,0.4178703,2.4820054,0.35259208,15,Northern Rockies
Aug,0.70097667,0.6819256,0.2975986,1.545863,0.21629691,15,Northern Rockies
Sep,0.99161893,0.9123155,0.28413403,2.5326312,0.3356334,15,Northern Rockies
Oct,1.88955,1.727497,0.7306697,5.48496,0.7045358,15,Northern Rockies
Nov,2.7321122,2.466218,1.0637368,8.331379,1.1202128,15,Northern Rockies
Dec,3.1152287,2.9071236,1.2668078,8.072796,1.0888084,15,Northern Rockies
Jan,6.87062,6.4658303,2.2033477,23.688513,2.4719043,2,Puget Lowland
Feb,4.606826,4.41614,1.5369221,14.744572,1.5208349,2,Puget Lowland
Mar,5.2247944,5.035255,1.5752331,16.96847,1.7786478,2,Puget Lowland
Apr,3.8695152,3.8096046,1.2652763,11.588035,1.180855,2,Puget Lowland
May,2.633907,2.500844,1.0085832,6.66094,0.689985,2,Puget Lowland
Jun,2.0353122,1.8926152,0.68771696,5.5501566,0.55935264,2,Puget Lowland
Jul,0.87427896,0.80866,0.41405535,2.2515721,0.24927495,2,Puget Lowland
Aug,1.0950121,1.032105,0.5476735,2.8281078,0.2579119,2,Puget Lowland
Sep,2.063918,1.9561604,0.8429493,5.396613,0.5726496,2,Puget Lowland
Oct,4.7215962,4.6152544,1.5463395,14.5475235,1.4488903,2,Puget Lowland
Nov,7.4815836,7.0628133,2.5926352,24.330835,2.486804,2,Puget Lowland
Dec,6.9901867,6.473779,2.3518872,23.856504,2.4831946,2,Puget Lowland
Jan,7.068952,6.6960845,5.53492,11.455715,1.1801528,3,Willamette Valley
Feb,5.1973963,4.921278,3.8907816,8.505394,0.931347,3,Willamette Valley
Mar,5.5253234,5.1907883,4.188817,8.918978,1.0039183,3,Willamette Valley
Apr,4.351752,4.0826755,3.1322813,7.668977,0.88952947,3,Willamette Valley
May,3.129374,3.0090132,2.3749187,5.1077547,0.5552582,3,Willamette Valley
Jun,2.2371523,2.1321034,1.6316545,3.9038172,0.45314327,3,Willamette Valley
Jul,0.59362996,0.57226014,0.44164982,0.87035483,0.09404361,3,Willamette Valley
Aug,0.742987,0.69905156,0.50381523,1.2057093,0.14587206,3,Willamette Valley
Sep,1.991555,1.8893081,1.3336622,3.2140963,0.38635436,3,Willamette Valley
Oct,4.6402855,4.355945,3.5378366,7.960512,0.89748794,3,Willamette Valley
Nov,7.4728055,7.0236616,5.7932277,11.9526005,1.3278424,3,Willamette Valley
Dec,8.019215,7.599626,6.600039,12.531814,1.2428589,3,Willamette Valley
Jan,12.5394945,11.942067,4.692951,28.143475,3.51606,4,Cascades
Feb,9.137184,8.658839,2.9985409,21.693789,2.682008,4,Cascades
Mar,9.512186,9.010061,3.3092146,24.63213,2.7172387,4,Cascades
Apr,6.930076,6.6653166,2.1351154,16.834848,1.9706434,4,Cascades
May,4.6190386,4.4442897,1.4086189,9.781025,1.1809483,4,Cascades
Jun,3.445797,3.2537181,0.87759894,8.187757,1.0219513,4,Cascades
Jul,1.0779151,0.975032,0.20940562,3.6389785,0.39423472,4,Cascades
Aug,1.3324349,1.2555873,0.24098043,3.615309,0.40866023,4,Cascades
Sep,3.1881075,3.0421824,0.8007052,8.075201,0.9337872,4,Cascades
Oct,7.846575,7.497165,2.626336,20.829653,2.0977917,4,Cascades
Nov,12.657915,12.075416,4.853739,29.49903,3.492849,4,Cascades
Dec,13.0229845,12.312742,4.8703966,31.158398,3.8041117,4,Cascades
Jan,10.721836,10.18386,1.1757054,36.12419,6.0703726,77,North Cascades
Feb,7.3320475,7.012362,0.8282682,28.765642,4.1168475,77,North Cascades
Mar,7.881418,7.346185,0.8281461,30.097572,4.850781,77,North Cascades
Apr,4.9605417,4.354014,0.6851539,20.837368,3.2455451,77,North Cascades
May,3.6185331,3.1370096,0.83743745,12.729136,2.1044557,77,North Cascades
Jun,2.9067562,2.618777,0.6424807,9.743741,1.6058018,77,North Cascades
Jul,1.4066769,1.298855,0.27857888,4.8690143,0.72605187,77,North Cascades
Aug,1.5554047,1.3907055,0.24070485,6.6488576,0.93930095,77,North Cascades
Sep,3.160461,2.7112968,0.2469647,14.141067,2.1546626,77,North Cascades
Oct,7.3761883,6.602283,0.85468155,24.509733,4.628632,77,North Cascades
Nov,11.667058,10.82729,1.050351,49.52872,7.0882173,77,North Cascades
Dec,10.600221,10.138155,1.2679929,35.21773,5.6689334,77,North Cascades
Jan,5.5452046,5.3019085,2.0008633,18.057407,2.175802,9,Eastern Cascades Slopes and Foothills
Feb,4.2214675,4.0461397,1.3378708,13.98461,1.6832397,9,Eastern Cascades Slopes and Foothills
Mar,3.6664267,3.328915,1.2150006,12.811734,1.745137,9,Eastern Cascades Slopes and Foothills
Apr,2.2399564,1.9560995,0.7275201,8.6787405,1.0524081,9,Eastern Cascades Slopes and Foothills
May,1.6993144,1.5655875,0.7192091,4.6540146,0.6458868,9,Eastern Cascades Slopes and Foothills
Jun,1.1117638,0.9690714,0.48141363,3.4236162,0.4751005,9,Eastern Cascades Slopes and Foothills
Jul,0.42019874,0.3778526,0.1464922,1.1762959,0.16894823,9,Eastern Cascades Slopes and Foothills
Aug,0.43537003,0.38529155,0.18251584,1.3176346,0.18771021,9,Eastern Cascades Slopes and Foothills
Sep,0.958179,0.8633803,0.3354293,3.2685804,0.4487276,9,Eastern Cascades Slopes and Foothills
Oct,3.018869,2.6530135,1.0087762,9.283899,1.3517963,9,Eastern Cascades Slopes and Foothills
Nov,5.116471,4.6719103,1.6418474,17.25099,2.253504,9,Eastern Cascades Slopes and Foothills
Dec,6.6077194,6.358599,2.3126352,19.740242,2.3695192,9,Eastern Cascades Slopes and Foothills
